id,code,brand,category,short_description,description,severity,diy_possible,source,last_verified_at,scrape_status,linked_product_codes,article_exists,en_exists,sv_exists,classification,recommended_action,blocking_issues
415,DRAINERROR,Samsung,dishwashers,,,medium,True,,,pending,4,False,False,False,B,fact_review,missing_description;not_verified;no_official_samsung_source
416,LL,Samsung,dishwashers,,,medium,True,,,pending,2,False,False,False,B,fact_review,missing_description;not_verified;no_official_samsung_source
417,SP,Samsung,dishwashers,,,medium,True,,,pending,2,False,False,False,B,fact_review,missing_description;not_verified;no_official_samsung_source
418,DF,Samsung,dishwashers,,,medium,True,,,pending,2,False,False,False,B,fact_review,missing_description;not_verified;no_official_samsung_source
419,OE,Samsung,dishwashers,,,medium,True,,,pending,4,False,False,False,B,fact_review,missing_description;not_verified;no_official_samsung_source
420,5E,Samsung,dishwashers,,,medium,True,,,pending,4,False,False,False,B,fact_review,missing_description;not_verified;no_official_samsung_source
422,CE,Samsung,dishwashers,,,medium,True,,,pending,0,False,False,False,B,fact_review,missing_description;not_verified;no_official_samsung_source
432,PE,Samsung,dishwashers,,,medium,True,,,pending,1,False,False,False,B,fact_review,missing_description;not_verified;no_official_samsung_source
439,DE,Samsung,dishwashers,,,medium,True,,,pending,1,False,False,False,B,fact_review,missing_description;not_verified;no_official_samsung_source
441,EE,Samsung,dishwashers,,,medium,True,,,pending,0,False,False,False,B,fact_review,missing_description;not_verified;no_official_samsung_source
442,HE,Samsung,dishwashers,,,medium,True,,,pending,1,False,False,False,B,fact_review,missing_description;not_verified;no_official_samsung_source
443,IE,Samsung,dishwashers,,,medium,True,,,pending,0,False,False,False,B,fact_review,missing_description;not_verified;no_official_samsung_source
444,9E,Samsung,dishwashers,,,medium,True,,,pending,0,False,False,False,B,fact_review,missing_description;not_verified;no_official_samsung_source
446,4E,Samsung,dishwashers,,,medium,True,,,pending,0,False,False,False,B,fact_review,missing_description;not_verified;no_official_samsung_source
447,3E,Samsung,dishwashers,,,medium,True,,,pending,0,False,False,False,B,fact_review,missing_description;not_verified;no_official_samsung_source
450,LE,Samsung,dishwashers,,,medium,True,,,pending,0,False,False,False,B,fact_review,missing_description;not_verified;no_official_samsung_source
451,BE,Samsung,dishwashers,,,medium,True,,,pending,0,False,False,False,B,fact_review,missing_description;not_verified;no_official_samsung_source
453,FE,Samsung,dishwashers,,,medium,True,,,pending,0,False,False,False,B,fact_review,missing_description;not_verified;no_official_samsung_source
455,1E,Samsung,dishwashers,,,medium,True,,,pending,0,False,False,False,B,fact_review,missing_description;not_verified;no_official_samsung_source
457,4E(4C),Samsung,dishwashers,,,medium,True,,,pending,0,False,False,False,B,fact_review,missing_description;not_verified;no_official_samsung_source
458,4E-1(4C-1),Samsung,dishwashers,,,medium,True,,,pending,0,False,False,False,B,fact_review,missing_description;not_verified;no_official_samsung_source
459,7E(7C),Samsung,dishwashers,,,medium,True,,,pending,0,False,False,False,B,fact_review,missing_description;not_verified;no_official_samsung_source
460,E3(C3),Samsung,dishwashers,,,medium,True,,,pending,0,False,False,False,B,fact_review,missing_description;not_verified;no_official_samsung_source
461,OC,Samsung,dishwashers,,,medium,True,,,pending,0,False,False,False,B,fact_review,missing_description;not_verified;no_official_samsung_source
462,NO,Samsung,dishwashers,,,medium,True,,,pending,0,False,False,False,B,fact_review,missing_description;not_verified;no_official_samsung_source
463,FC,Samsung,dishwashers,,,medium,True,,,pending,0,False,False,False,B,fact_review,missing_description;not_verified;no_official_samsung_source
464,3C1~,Samsung,dishwashers,,,medium,True,,,pending,0,False,False,False,B,fact_review,missing_description;not_verified;no_official_samsung_source
465,4C5,Samsung,dishwashers,,,medium,True,,,pending,0,False,False,False,B,fact_review,missing_description;not_verified;no_official_samsung_source
468,3C1,Samsung,dishwashers,,,medium,True,,,pending,0,False,False,False,B,fact_review,missing_description;not_verified;no_official_samsung_source
481,E3,Samsung,dishwashers,,,medium,True,,,pending,0,False,False,False,B,fact_review,missing_description;not_verified;no_official_samsung_source
484,N2,Samsung,dishwashers,,,medium,True,,,pending,0,False,False,False,B,fact_review,missing_description;not_verified;no_official_samsung_source
487,4F(4C),Samsung,dishwashers,,,medium,True,,,pending,0,False,False,False,B,fact_review,missing_description;not_verified;no_official_samsung_source
489,DE(DC),Samsung,dishwashers,,,medium,True,,,pending,0,False,False,False,B,fact_review,missing_description;not_verified;no_official_samsung_source
490,OE(OC),Samsung,dishwashers,,,medium,True,,,pending,0,False,False,False,B,fact_review,missing_description;not_verified;no_official_samsung_source
491,TE(TC),Samsung,dishwashers,,,medium,True,,,pending,0,False,False,False,B,fact_review,missing_description;not_verified;no_official_samsung_source
493,7E,Samsung,dishwashers,,,medium,True,,,pending,0,False,False,False,B,fact_review,missing_description;not_verified;no_official_samsung_source
494,7C,Samsung,dishwashers,,,medium,True,,,pending,0,False,False,False,B,fact_review,missing_description;not_verified;no_official_samsung_source
500,DE,Samsung,washing-machines,,,medium,True,,,pending,4,False,False,False,B,fact_review,missing_description;not_verified;no_official_samsung_source
504,E1,Samsung,dishwashers,,,medium,True,,,pending,0,False,False,False,B,fact_review,missing_description;not_verified;no_official_samsung_source
505,E2,Samsung,dishwashers,,,medium,True,,,pending,0,False,False,False,B,fact_review,missing_description;not_verified;no_official_samsung_source
507,E4,Samsung,dishwashers,,,medium,True,,,pending,0,False,False,False,B,fact_review,missing_description;not_verified;no_official_samsung_source
508,E5,Samsung,dishwashers,,,medium,True,,,pending,0,False,False,False,B,fact_review,missing_description;not_verified;no_official_samsung_source
509,E6,Samsung,dishwashers,,,medium,True,,,pending,0,False,False,False,B,fact_review,missing_description;not_verified;no_official_samsung_source
510,E7,Samsung,dishwashers,,,medium,True,,,pending,0,False,False,False,B,fact_review,missing_description;not_verified;no_official_samsung_source
511,E8,Samsung,dishwashers,,,medium,True,,,pending,0,False,False,False,B,fact_review,missing_description;not_verified;no_official_samsung_source
512,E9,Samsung,dishwashers,,,medium,True,,,pending,0,False,False,False,B,fact_review,missing_description;not_verified;no_official_samsung_source
513,E10,Samsung,dishwashers,,,medium,True,,,pending,0,False,False,False,B,fact_review,missing_description;not_verified;no_official_samsung_source
520,2E,Samsung,dishwashers,,,medium,True,,,pending,0,False,False,False,B,fact_review,missing_description;not_verified;no_official_samsung_source
521,AE,Samsung,dishwashers,,,medium,True,,,pending,0,False,False,False,B,fact_review,missing_description;not_verified;no_official_samsung_source
523,LC,Samsung,dishwashers,,,medium,True,,,pending,0,False,False,False,B,fact_review,missing_description;not_verified;no_official_samsung_source
524,LD,Samsung,dishwashers,,,medium,True,,,pending,0,False,False,False,B,fact_review,missing_description;not_verified;no_official_samsung_source
525,HD,Samsung,dishwashers,,,medium,True,,,pending,0,False,False,False,B,fact_review,missing_description;not_verified;no_official_samsung_source
526,SH,Samsung,dishwashers,,,medium,True,,,pending,0,False,False,False,B,fact_review,missing_description;not_verified;no_official_samsung_source
546,1F,Samsung,dishwashers,,,medium,True,,,pending,0,False,False,False,B,fact_review,missing_description;not_verified;no_official_samsung_source
548,2-2,Samsung,dishwashers,,,medium,True,,,pending,0,False,False,False,B,fact_review,missing_description;not_verified;no_official_samsung_source
556,4C,Samsung,dishwashers,,,medium,True,,,pending,0,False,False,False,B,fact_review,missing_description;not_verified;no_official_samsung_source
566,TE,Samsung,dryers,,,medium,True,,,pending,0,False,False,False,B,fact_review,missing_description;not_verified;no_official_samsung_source
567,HE,Samsung,dryers,,,medium,True,,,pending,0,False,False,False,B,fact_review,missing_description;not_verified;no_official_samsung_source
568,DE,Samsung,dryers,,,medium,True,,,pending,0,False,False,False,B,fact_review,missing_description;not_verified;no_official_samsung_source
569,BE2,Samsung,dryers,,,medium,True,,,pending,0,False,False,False,B,fact_review,missing_description;not_verified;no_official_samsung_source
570,FE,Samsung,dryers,,,medium,True,,,pending,0,False,False,False,B,fact_review,missing_description;not_verified;no_official_samsung_source
571,9E1,Samsung,dryers,,,medium,True,,,pending,0,False,False,False,B,fact_review,missing_description;not_verified;no_official_samsung_source
572,AE,Samsung,dryers,,,medium,True,,,pending,0,False,False,False,B,fact_review,missing_description;not_verified;no_official_samsung_source
573,EEE,Samsung,dryers,,,medium,True,,,pending,0,False,False,False,B,fact_review,missing_description;not_verified;no_official_samsung_source
574,DF,Samsung,dryers,,,medium,True,,,pending,0,False,False,False,B,fact_review,missing_description;not_verified;no_official_samsung_source
578,HB,Samsung,dishwashers,,,medium,True,,,pending,0,False,False,False,B,fact_review,missing_description;not_verified;no_official_samsung_source
581,5E1,Samsung,washing-machines,,,medium,True,,,pending,0,False,False,False,B,fact_review,missing_description;not_verified;no_official_samsung_source
582,5E2,Samsung,washing-machines,,,medium,True,,,pending,0,False,False,False,B,fact_review,missing_description;not_verified;no_official_samsung_source
583,5E3,Samsung,washing-machines,,,medium,True,,,pending,0,False,False,False,B,fact_review,missing_description;not_verified;no_official_samsung_source
584,HE,Samsung,washing-machines,,,medium,True,,,pending,0,False,False,False,B,fact_review,missing_description;not_verified;no_official_samsung_source
585,HE1,Samsung,washing-machines,,,medium,True,,,pending,0,False,False,False,B,fact_review,missing_description;not_verified;no_official_samsung_source
586,HE2,Samsung,washing-machines,,,medium,True,,,pending,0,False,False,False,B,fact_review,missing_description;not_verified;no_official_samsung_source
587,HEX,Samsung,washing-machines,,,medium,True,,,pending,0,False,False,False,B,fact_review,missing_description;not_verified;no_official_samsung_source
589,DE1,Samsung,washing-machines,,,medium,True,,,pending,0,False,False,False,B,fact_review,missing_description;not_verified;no_official_samsung_source
590,DE2,Samsung,washing-machines,,,medium,True,,,pending,0,False,False,False,B,fact_review,missing_description;not_verified;no_official_samsung_source
597,2E,Samsung,dryers,,,medium,True,,,pending,0,False,False,False,B,fact_review,missing_description;not_verified;no_official_samsung_source
607,F4,Samsung,dishwashers,,,medium,True,,,pending,0,False,False,False,B,fact_review,missing_description;not_verified;no_official_samsung_source
630,CE/3E,Samsung,washing-machines,,,medium,True,,,pending,0,False,False,False,B,fact_review,missing_description;not_verified;no_official_samsung_source
631,HEAVYLED,Samsung,dishwashers,,,medium,True,,,pending,0,False,False,False,B,fact_review,missing_description;not_verified;no_official_samsung_source
632,DR,Samsung,dishwashers,,,medium,True,,,pending,0,False,False,False,B,fact_review,missing_description;not_verified;no_official_samsung_source
636,F1,Samsung,dishwashers,,,medium,True,,,pending,0,False,False,False,B,fact_review,missing_description;not_verified;no_official_samsung_source
637,F5,Samsung,dishwashers,,,medium,True,,,pending,0,False,False,False,B,fact_review,missing_description;not_verified;no_official_samsung_source
649,F2,Samsung,dishwashers,,,medium,True,,,pending,0,False,False,False,B,fact_review,missing_description;not_verified;no_official_samsung_source
650,F3,Samsung,dishwashers,,,medium,True,,,pending,0,False,False,False,B,fact_review,missing_description;not_verified;no_official_samsung_source
653,F6,Samsung,dishwashers,,,medium,True,,,pending,0,False,False,False,B,fact_review,missing_description;not_verified;no_official_samsung_source
654,F7,Samsung,dishwashers,,,medium,True,,,pending,0,False,False,False,B,fact_review,missing_description;not_verified;no_official_samsung_source
655,F8,Samsung,dishwashers,,,medium,True,,,pending,0,False,False,False,B,fact_review,missing_description;not_verified;no_official_samsung_source
656,F9,Samsung,dishwashers,,,medium,True,,,pending,0,False,False,False,B,fact_review,missing_description;not_verified;no_official_samsung_source
657,TH,Samsung,dishwashers,,,medium,True,,,pending,0,False,False,False,B,fact_review,missing_description;not_verified;no_official_samsung_source
669,F1-F9,Samsung,dishwashers,,,medium,True,,,pending,0,False,False,False,B,fact_review,missing_description;not_verified;no_official_samsung_source
745,E5,Samsung,dryers,,,medium,True,,,pending,0,False,False,False,B,fact_review,missing_description;not_verified;no_official_samsung_source
747,BD,Samsung,dryers,,,medium,True,,,pending,0,False,False,False,B,fact_review,missing_description;not_verified;no_official_samsung_source
758,BO,Samsung,dryers,,,medium,True,,,pending,0,False,False,False,B,fact_review,missing_description;not_verified;no_official_samsung_source
759,1DC4,Samsung,washing-machines,,,medium,True,,,pending,1,False,False,False,B,fact_review,missing_description;not_verified;no_official_samsung_source
760,HC,Samsung,washing-machines,,,medium,True,,,pending,1,False,False,False,B,fact_review,missing_description;not_verified;no_official_samsung_source
761,HC1,Samsung,washing-machines,,,medium,True,,,pending,1,False,False,False,B,fact_review,missing_description;not_verified;no_official_samsung_source
762,TYPE1,Samsung,washing-machines,,,medium,True,,,pending,1,False,False,False,C,exclude_and_investigate,suspect_code_shape;missing_description;not_verified;no_official_samsung_source
763,TYPE2,Samsung,washing-machines,,,medium,True,,,pending,1,False,False,False,C,exclude_and_investigate,suspect_code_shape;missing_description;not_verified;no_official_samsung_source
768,OE,Samsung,dryers,,,medium,True,,,pending,0,False,False,False,B,fact_review,missing_description;not_verified;no_official_samsung_source
769,DEZ,Samsung,dryers,,,medium,True,,,pending,0,False,False,False,B,fact_review,missing_description;not_verified;no_official_samsung_source
773,SEE,Samsung,dryers,,,medium,True,,,pending,0,False,False,False,B,fact_review,missing_description;not_verified;no_official_samsung_source
853,AE,Samsung,washing-machines,,,medium,True,,,pending,0,False,False,False,B,fact_review,missing_description;not_verified;no_official_samsung_source
854,CE1,Samsung,washing-machines,,,medium,True,,,pending,0,False,False,False,B,fact_review,missing_description;not_verified;no_official_samsung_source
855,CE2,Samsung,washing-machines,,,medium,True,,,pending,0,False,False,False,B,fact_review,missing_description;not_verified;no_official_samsung_source
859,HE3,Samsung,washing-machines,,,medium,True,,,pending,0,False,False,False,B,fact_review,missing_description;not_verified;no_official_samsung_source
869,9C1,Samsung,washing-machines,,,medium,True,,,pending,0,False,False,False,B,fact_review,missing_description;not_verified;no_official_samsung_source
870,9C2,Samsung,washing-machines,,,medium,True,,,pending,0,False,False,False,B,fact_review,missing_description;not_verified;no_official_samsung_source
875,AC5,Samsung,washing-machines,,,medium,True,,,pending,0,False,False,False,B,fact_review,missing_description;not_verified;no_official_samsung_source
876,AC6,Samsung,washing-machines,,,medium,True,,,pending,0,False,False,False,B,fact_review,missing_description;not_verified;no_official_samsung_source
878,SUD,Samsung,washing-machines,,,medium,True,,,pending,0,False,False,False,B,fact_review,missing_description;not_verified;no_official_samsung_source
879,8C1,Samsung,washing-machines,,,medium,True,,,pending,0,False,False,False,B,fact_review,missing_description;not_verified;no_official_samsung_source
880,8C2,Samsung,washing-machines,,,medium,True,,,pending,0,False,False,False,B,fact_review,missing_description;not_verified;no_official_samsung_source
881,8C,Samsung,washing-machines,,,medium,True,,,pending,0,False,False,False,B,fact_review,missing_description;not_verified;no_official_samsung_source
882,PC,Samsung,washing-machines,,,medium,True,,,pending,0,False,False,False,B,fact_review,missing_description;not_verified;no_official_samsung_source
883,PC1,Samsung,washing-machines,,,medium,True,,,pending,0,False,False,False,B,fact_review,missing_description;not_verified;no_official_samsung_source
885,SF2,Samsung,washing-machines,,,medium,True,,,pending,0,False,False,False,B,fact_review,missing_description;not_verified;no_official_samsung_source
886,SF3,Samsung,washing-machines,,,medium,True,,,pending,0,False,False,False,B,fact_review,missing_description;not_verified;no_official_samsung_source
